Date,Gl√ºcklich,text,Alter
01-01-22,1.0,mercy,31-40
02-01-22,2.105750612775382,tanked,<30
03-01-22,1.3747766673521746,loathing,41-50
04-01-22,1.194800904519129,cheerful,41-50
05-01-22,1.109765876769909,tentative,>60
06-01-22,1.9659461206860647,meticulous,<30
07-01-22,1.9909659416278656,subtract,<30
08-01-22,1.2805804269625218,adroitly,>60
09-01-22,1.292391639242284,unavoidably,51-60
10-01-22,1.5569482981650649,excitement,31-40
11-01-22,1.8637910953253254,impressive,41-50
12-01-22,2.1187728601765445,scowl,>60
13-01-22,2.2359660630883194,favorable,41-50
14-01-22,1.7736976795771113,long-winded,>60
15-01-22,2.251543808787208,hopelessly,<30
16-01-22,1.1853473686753389,draining,<30
17-01-22,2.433215655548331,futility,31-40
18-01-22,1.9228562127609332,struggling,41-50
19-01-22,1.4903101869933895,disappointments,31-40
20-01-22,2.2843027282628694,pain-free,<30
21-01-22,1.7986709807752064,incorrigibly,31-40
22-01-22,2.439603447269379,brave,31-40
23-01-22,2.483309356162853,jarring,<30
24-01-22,2.0919649050040654,steadfastness,31-40
25-01-22,1.8841434697462682,usable,>60
26-01-22,2.466355175161379,infidel,<30
27-01-22,2.719148147722682,failing,31-40
28-01-22,1.4789015829808267,nightmare,31-40
29-01-22,1.9876869457144024,discomfort,>60
30-01-22,2.0392845496358216,discontinuous,31-40
31-01-22,2.3807127698465442,marvelousness,41-50
01-02-22,1.7170946662993867,miser,41-50
02-02-22,2.0580228836775323,goof,>60
03-02-22,1.1276693722561324,recklessness,51-60
04-02-22,1.674542900999774,plot,41-50
05-02-22,1.918094754949685,hubris,<30
06-02-22,2.1846408316792507,poorest,41-50
07-02-22,1.7801440281508976,dreadfully,>60
08-02-22,2.4557930960484775,noiseless,31-40
09-02-22,2.7495469389654894,subversion,41-50
10-02-22,1.2953228010055353,excruciatingly,>60
11-02-22,2.408644857795453,stupidest,31-40
12-02-22,2.6529779472701853,run-down,51-60
13-02-22,1.7365405884475762,subdued,41-50
14-02-22,1.8741223764164001,merriness,51-60
15-02-22,2.5547635061176006,unethical,<30
16-02-22,2.178295648363185,fictional,31-40
17-02-22,1.665428126875446,slack,41-50
18-02-22,2.22041881516484,streaky,41-50
19-02-22,1.807699685581211,garbage,31-40
20-02-22,1.4527441289676863,interrupt,<30
21-02-22,2.3979326525191507,winner,>60
22-02-22,1.9006231051574227,consistently,31-40
23-02-22,1.9009034092268449,vague,>60
24-02-22,2.2772869111630767,honorable,41-50
25-02-22,1.720152539509551,brisk,>60
26-02-22,1.5938841426664352,shrill,31-40
27-02-22,2.4729554620910594,neglect,>60
28-02-22,2.3188597276111698,horrifies,41-50
01-03-22,2.115108692566136,skepticism,31-40
02-03-22,1.8358611451569296,dubitable,<30
03-03-22,1.7826847083030102,bore,<30
04-03-22,1.6652801503641923,jeeringly,>60
05-03-22,2.7343197115706217,loss,41-50
06-03-22,2.269930639676611,drips,<30
07-03-22,1.715288291076456,shaky,>60
08-03-22,2.3981382990204425,profound,>60
09-03-22,1.8142905136789378,exceled,>60
10-03-22,2.0906451850324004,indoctrinate,41-50
11-03-22,1.8715107479670328,glitches,31-40
12-03-22,2.4915433473759445,indebted,51-60
13-03-22,2.241603229413719,misgiving,41-50
14-03-22,2.3744651270004793,odor,>60
15-03-22,2.300211588649632,mendacity,>60
16-03-22,1.6890888990577166,cajole,51-60
17-03-22,1.4237003185072419,eyesore,<30
18-03-22,1.4278687485543324,humor,41-50
19-03-22,2.389128909071025,amiability,>60
20-03-22,1.7714704537597041,perfunctory,31-40
21-03-22,2.020385180706966,unreachable,>60
22-03-22,2.524963138670005,guile,51-60
23-03-22,2.747909593189982,user-replaceable,41-50
24-03-22,2.9788066796840837,coercion,31-40
25-03-22,1.689016183359793,stellar,>60
26-03-22,1.6256290536076246,fast-growing,>60
27-03-22,2.1066476064254247,sunder,>60
28-03-22,2.0440055350722073,unease,31-40
29-03-22,2.738255947160582,crush,31-40
30-03-22,2.353799385406135,throttle,31-40
31-03-22,2.0532344623859844,ulterior,51-60
01-04-22,2.1239156186948165,ill-formed,41-50
02-04-22,2.1160161989325124,accusingly,51-60
03-04-22,2.0652067929736875,luxuriate,51-60
04-04-22,1.9563832185658798,presumptuous,>60
05-04-22,1.5130358495733944,oversize,>60
06-04-22,2.8947508880436432,impudently,<30
07-04-22,2.22323394020266,downturn,41-50
08-04-22,2.3506043761346325,devil,<30
09-04-22,2.706153738133021,well,41-50
10-04-22,2.8587123658842364,unruly,41-50
11-04-22,2.0006897952970046,oversights,<30
12-04-22,1.8419200360982155,crappy,>60
13-04-22,2.3895502210557895,killjoy,31-40
14-04-22,2.7689549039442563,disprove,>60
15-04-22,1.688200953848226,drain,>60
16-04-22,2.1938420543566197,rifts,31-40
17-04-22,2.498339132840612,savaged,51-60
18-04-22,2.9509641138853926,alarmed,31-40
19-04-22,2.2750497254532887,mistakenly,51-60
20-04-22,2.5027103717779466,prejudge,>60
21-04-22,2.233270962596963,undisputable,51-60
22-04-22,2.4629904302141483,timely,31-40
23-04-22,2.64184208390812,involuntary,51-60
24-04-22,2.344293140313277,capriciously,51-60
25-04-22,1.7325937598162564,acridness,51-60
26-04-22,2.090797352415118,smelling,>60
27-04-22,2.1486647642434087,erudite,31-40
28-04-22,1.1727119169909668,toll-free,51-60
29-04-22,2.5817898887183777,harmony,41-50
30-04-22,2.582747212587454,preferes,51-60
01-05-22,1.6431641897181835,innovative,31-40
02-05-22,2.1526664012196717,mock,51-60
03-05-22,2.29550502370311,stunned,>60
04-05-22,2.727597786723776,infringements,31-40
05-05-22,2.039011344867386,snappish,<30
06-05-22,2.153589401655719,self-coup,<30
07-05-22,2.2421232621462623,stringently,<30
08-05-22,2.391271271815801,aggressor,<30
09-05-22,2.678329954259582,knave,41-50
10-05-22,1.6033904152200162,incredulous,<30
11-05-22,2.6584813880644305,inimically,41-50
12-05-22,2.723091610034526,courageous,41-50
13-05-22,1.9841662589963103,foolish,41-50
14-05-22,2.0652357002952915,unforgiving,41-50
15-05-22,2.4266702104192373,seasoned,<30
16-05-22,2.1019504960253883,compassionate,41-50
17-05-22,2.420216767956415,denial,41-50
18-05-22,2.158056482075685,whores,<30
19-05-22,2.523375495886299,unseemly,31-40
20-05-22,1.1360020262385353,rebuff,>60
21-05-22,2.1984841110439435,unscrupulously,51-60
22-05-22,2.3734405483057617,lividly,51-60
23-05-22,2.5467015928520604,lament,>60
24-05-22,2.608438304214464,hairloss,51-60
25-05-22,1.8198313958152892,prowess,31-40
26-05-22,2.068827882662603,wretched,51-60
27-05-22,2.6606331047528715,illegal,31-40
28-05-22,2.9505553824176385,vicious,>60
29-05-22,2.943965920539119,languish,41-50
30-05-22,2.471575616294848,intimate,>60
31-05-22,2.42755651939321,displace,31-40
01-06-22,2.423955318704275,immoral,>60
02-06-22,1.9951388860298263,winnable,41-50
03-06-22,2.851453534997593,manic,31-40
04-06-22,2.1329268850775502,pauper,<30
05-06-22,2.6254492161939917,surmount,>60
06-06-22,2.356114689717291,soothingly,>60
07-06-22,2.985896933850687,badly,>60
08-06-22,2.9417885777533153,shameless,31-40
09-06-22,2.948163613747071,dilly-dally,31-40
10-06-22,2.1261437746164935,moot,41-50
11-06-22,2.149336598641269,over-acted,31-40
12-06-22,2.663197479328014,glistening,41-50
13-06-22,2.056744332741478,tedious,31-40
14-06-22,2.8171108779552805,fabulous,31-40
15-06-22,2.4052382570838464,insensitive,41-50
16-06-22,2.8209091155290085,exceedingly,31-40
17-06-22,2.4755169399274752,amply,51-60
18-06-22,2.2476317891107978,shortcoming,51-60
19-06-22,2.409337387366598,congested,41-50
20-06-22,2.2286088704272844,scenic,31-40
21-06-22,2.075485509709235,disrepute,41-50
22-06-22,1.9259563902882988,available,41-50
23-06-22,2.291336117096289,disagrees,51-60
24-06-22,2.292105157091939,insecure,41-50
25-06-22,2.7195280853694785,mess,51-60
26-06-22,1.912333897826601,weakening,51-60
27-06-22,2.871745870852645,stinging,41-50
28-06-22,3.2319380725810003,joy,41-50
29-06-22,1.962090289548613,smug,<30
30-06-22,2.9628887381016957,admirably,31-40
01-07-22,2.6100344316841166,perfection,51-60
02-07-22,2.3730294399712433,rumours,41-50
03-07-22,2.0579417182309934,protracted,<30
04-07-22,1.655478501454097,vexation,>60
05-07-22,2.706131672582602,invincibility,31-40
06-07-22,2.830449611722174,pales,<30
07-07-22,2.625740585938509,frenetically,31-40
08-07-22,2.189584842008384,indulgent,41-50
09-07-22,2.8145718634006602,incompetence,51-60
10-07-22,3.368864666381992,tender,51-60
11-07-22,1.683680026999213,vociferous,41-50
12-07-22,2.9195482541808087,disservice,<30
13-07-22,1.9121685974077032,disingenuous,>60
14-07-22,2.458420483866247,uglier,41-50
15-07-22,2.8713016969726333,illusion,>60
16-07-22,2.429835690878476,capability,<30
17-07-22,1.4908999947655948,phenomenally,51-60
18-07-22,2.5525817789347816,dead-cheap,<30
19-07-22,2.9981212937708897,execrate,51-60
20-07-22,2.649212404059477,rejuvenated,31-40
21-07-22,2.8958906838196024,combust,51-60
22-07-22,2.409707375673147,daunt,51-60
23-07-22,2.3580648948678316,ruffian,<30
24-07-22,2.3940650463810274,contaminated,51-60
25-07-22,2.4848088541921287,poorly,51-60
26-07-22,2.446631282252182,snobs,51-60
27-07-22,2.7966392277895684,beauty,51-60
28-07-22,2.992430152600786,insidiously,41-50
29-07-22,2.7422910307026735,negatives,>60
30-07-22,2.5021338178357935,endearing,31-40
31-07-22,2.5202392388629904,farcical-yet-provocative,31-40
01-08-22,2.860905101016093,denying,>60
02-08-22,2.556338527646842,poor,31-40
03-08-22,2.933027109752093,slow,<30
04-08-22,2.349062711938805,bicker,41-50
05-08-22,1.9171786023693826,monstrosity,51-60
06-08-22,2.2548127114006933,calumnious,51-60
07-08-22,1.5629480870297567,confront,41-50
08-08-22,2.1290469978273827,invincible,<30
09-08-22,2.7485923602831264,nervous,51-60
10-08-22,2.9188025978120407,disregardful,41-50
11-08-22,2.426963433902502,shocking,31-40
12-08-22,2.3134915716801108,immense,31-40
13-08-22,3.1022907737496084,estranged,<30
14-08-22,2.1986381571765032,large-capacity,31-40
15-08-22,1.9763176282653494,bleakness,51-60
16-08-22,2.3914538901167024,suffice,41-50
17-08-22,2.324113895543171,bearish,<30
18-08-22,1.931210417234527,outbreak,51-60
19-08-22,2.021268359828702,rascals,41-50
20-08-22,2.4944399848781114,futilely,51-60
21-08-22,2.028865405536009,extravagance,51-60
22-08-22,2.084149582837756,dastard,<30
23-08-22,2.9469591639720174,dings,>60
24-08-22,2.25817916836434,rut,51-60
25-08-22,2.3804676040232677,personages,>60
26-08-22,1.8400822210785588,concise,31-40
27-08-22,2.177756648194623,geezer,51-60
28-08-22,2.845102926164185,laud,>60
29-08-22,2.1712303492744724,thug,41-50
30-08-22,1.6040366132914272,cracked,51-60
31-08-22,2.2985178244758444,debaucher,<30
01-09-22,1.9252822753879562,broke,41-50
02-09-22,2.0930936103022137,despondency,>60
03-09-22,2.695532335739312,worst,<30
04-09-22,2.207837598757952,disdainful,31-40
05-09-22,2.049094145235629,pestilent,41-50
06-09-22,2.4123016053902355,improved,41-50
07-09-22,2.509263110579098,famine,<30
08-09-22,2.1379793774342284,watered-down,51-60
09-09-22,2.311207576545672,ill-used,31-40
10-09-22,1.8526770568401587,rough,41-50
11-09-22,2.000638084066094,unreadable,31-40
12-09-22,2.0302804029066683,pessimistically,<30
13-09-22,1.9569643194463122,slower,31-40
14-09-22,2.967366272652944,flounder,<30
15-09-22,2.596324145295635,fanatical,31-40
16-09-22,1.9115281451266988,ineptitude,51-60
17-09-22,2.487268056539108,supurb,31-40
18-09-22,2.847526851793342,indoctrination,41-50
19-09-22,1.9881549244099825,contradiction,51-60
20-09-22,2.808705596657211,undone,31-40
21-09-22,1.8086125212907356,vengefulness,>60
22-09-22,2.209006620674713,better,<30
23-09-22,2.583421720826042,frustrates,>60
24-09-22,2.230532355699673,gainsay,41-50
25-09-22,2.3813007979344376,stagnate,51-60
26-09-22,2.4055641577540214,selfish,<30
27-09-22,2.304755117678967,recommendation,41-50
28-09-22,2.2192589980239172,anti-white,<30
29-09-22,2.6725281832522505,wripped,31-40
30-09-22,1.9533798765952217,harmed,31-40
01-10-22,2.439599818414738,distraught,>60
02-10-22,2.436094402969303,starkly,>60
03-10-22,1.764409605978957,patriotic,51-60
04-10-22,2.7789007965508192,imperil,41-50
05-10-22,1.783180233780067,mercilessly,31-40
06-10-22,1.845815142378425,contention,51-60
07-10-22,1.8744050544880806,critics,51-60
08-10-22,2.120110819745454,evildoer,51-60
09-10-22,2.3802232043825056,dismalness,41-50
10-10-22,2.4203230401414437,inordinately,51-60
11-10-22,2.5532410609809864,aggrieved,>60
12-10-22,2.1595636847939557,haunt,41-50
13-10-22,2.1044119460669775,deadlock,>60
14-10-22,2.108211550026788,wariness,41-50
15-10-22,1.8860190067010887,upliftingly,31-40
16-10-22,2.040193472386351,anger,41-50
17-10-22,2.519301822627811,wiles,<30
18-10-22,2.368763259433452,flatter,41-50
19-10-22,2.1864389285686414,hurtful,41-50
20-10-22,2.3036870749105423,disappoint,<30
21-10-22,2.5078575804555854,refutes,41-50
22-10-22,2.5887700336127386,nastiness,<30
23-10-22,1.9740199310551154,qualm,41-50
24-10-22,2.1050891667192393,bountiful,<30
25-10-22,1.6980728160433032,offensively,<30
26-10-22,2.1060830376861928,insensitivity,41-50
27-10-22,2.691333872650331,repulsively,<30
28-10-22,1.6512972083767823,back-woods,31-40
29-10-22,2.505025467291602,over-balanced,41-50
30-10-22,1.7922773300859074,unencumbered,<30
31-10-22,1.8043220490374665,fascism,>60
01-11-22,2.0831411542024214,quarrellous,<30
02-11-22,2.772503631674187,sarcastic,>60
03-11-22,2.1694230099064526,wreck,41-50
04-11-22,2.053125573589966,promoter,31-40
05-11-22,2.1247542272048863,cuplrit,>60
06-11-22,1.8861616689976437,disgraced,31-40
07-11-22,2.6703395268295234,dissembler,31-40
08-11-22,1.0906946900504497,cruelty,31-40
09-11-22,1.5261742484082117,sagely,51-60
10-11-22,2.295263964259079,helped,<30
11-11-22,1.940721141523649,fawningly,41-50
12-11-22,1.804556269196307,leading,41-50
13-11-22,2.4862489229129237,transparent,41-50
14-11-22,1.8464532627332548,pride,41-50
15-11-22,1.8994717237377978,gloriously,31-40
16-11-22,2.1186475949027175,impeccably,>60
17-11-22,1.7675810062550346,outcry,>60
18-11-22,1.4733878395685738,thank,51-60
19-11-22,2.0917143446725124,atrophy,>60
20-11-22,2.3126727752667295,invulnerable,<30
21-11-22,1.845583702959376,phony,41-50
22-11-22,2.474511321656263,shortness,51-60
23-11-22,2.2985184680672863,glad,<30
24-11-22,2.273940285049469,elegance,51-60
25-11-22,1.6864342061388915,impolitic,51-60
26-11-22,2.82012514133672,earnestly,>60
27-11-22,1.6531303144459264,unattractive,<30
28-11-22,2.496141921253599,disappointment,41-50
29-11-22,2.0850525200412062,overwhelm,41-50
30-11-22,1.7494096927545968,splitting,>60
01-12-22,2.781276396180071,idiot,41-50
02-12-22,2.634428119669286,prestige,51-60
03-12-22,1.699743316143723,creeping,31-40
04-12-22,2.4737553011792675,unjustly,51-60
05-12-22,2.5208620509453428,handily,51-60
06-12-22,2.356249910020291,magnanimously,<30
07-12-22,2.957210662182279,bloom,>60
08-12-22,2.139571835972401,inefficiency,41-50
09-12-22,2.385385651351874,deft,<30
10-12-22,2.2537673800132914,craven,51-60
11-12-22,2.0551931425415932,tough,>60
12-12-22,2.1071792838918633,outrageous,41-50
13-12-22,2.122740799621509,well-regarded,<30
14-12-22,1.7499184148500286,cruelest,31-40
15-12-22,1.798285434176484,misbehavior,>60
16-12-22,2.1786498873181044,inconceivably,51-60
17-12-22,2.2282073120522385,misinform,51-60
18-12-22,2.0625131753302233,stylish,51-60
19-12-22,2.388532081667182,burns,51-60
20-12-22,2.8601110048125524,cure-all,41-50
21-12-22,1.9307066980355996,unsupportive,41-50
22-12-22,1.6127390630696374,salute,41-50
23-12-22,1.8123150387309492,problem,31-40
24-12-22,2.1434661348041852,dead-on,41-50
25-12-22,1.9867479068393803,diabolic,51-60
26-12-22,2.1610431592011876,shortage,>60
27-12-22,2.155045627596269,cost-saving,51-60
28-12-22,1.870337472598218,lawbreaker,31-40
29-12-22,2.7567153524295422,gentlest,51-60
30-12-22,2.2211038797374023,hamper,>60
31-12-22,2.180200395186092,thrills,<30
01-01-23,2.072738873070927,slanderously,<30
02-01-23,2.0823353439567254,soundly,31-40
03-01-23,1.5380666542040737,anarchistic,51-60
04-01-23,1.9716557882647208,tempting,31-40
05-01-23,1.7317002357165994,lurking,41-50
06-01-23,2.2028147020125584,sincerity,31-40
07-01-23,2.829842627458154,pugnacious,41-50
08-01-23,2.0863201642450653,foolishness,31-40
09-01-23,2.355612273357475,misgivings,41-50
10-01-23,2.578832670396099,notoriety,51-60
11-01-23,1.9537805912426986,dominate,41-50
12-01-23,1.9677751203642657,dragging,51-60
13-01-23,2.604946551686128,dazzle,>60
14-01-23,2.407949244873985,maniac,51-60
15-01-23,2.0897362710451093,imprecise,31-40
16-01-23,1.8201308258050783,onerously,>60
17-01-23,1.6870390251639678,infraction,51-60
18-01-23,2.3884792329059916,dullard,31-40
19-01-23,1.9315536305745122,enlighten,<30
20-01-23,1.9524618022979758,undefined,51-60
21-01-23,2.2468778847887263,fervently,<30
22-01-23,1.7891144699725372,brutalizing,>60
23-01-23,1.9055235754609126,audaciousness,>60
24-01-23,2.5366247918117413,exciting,>60
25-01-23,1.32772705832061,regrettably,41-50
26-01-23,2.549744145087231,randomly,31-40
27-01-23,2.228958320641154,harried,>60
28-01-23,2.119391985020079,injustices,31-40
29-01-23,2.228887107674818,fragmented,51-60
30-01-23,2.387636355701911,discontinued,>60
31-01-23,3.0231893287373874,slave,<30
01-02-23,2.2572290981603613,vibrating,31-40
02-02-23,2.355617664700399,overpayed,51-60
03-02-23,2.3047182883843575,sarcastically,31-40
04-02-23,2.0695325986014077,hopeful,<30
05-02-23,2.7006305324939377,ax,31-40
06-02-23,2.1262926115758796,serene,<30
07-02-23,2.2568396476827566,acerbate,<30
08-02-23,1.5373164505055137,exile,31-40
09-02-23,2.120800136214204,contortions,41-50
10-02-23,1.4518611153788052,iniquitous,31-40
11-02-23,1.9657710177747472,breakups,51-60
12-02-23,1.9314439642372743,difficult,>60
13-02-23,1.9465174615564678,well-balanced,>60
14-02-23,1.6001025127481414,deplore,31-40
15-02-23,2.0587700019068764,inopportune,>60
16-02-23,2.0535264240767677,captivate,>60
17-02-23,2.40655062096939,boredom,41-50
18-02-23,1.748629316329544,enticed,<30
19-02-23,2.25971937106487,unacceptably,<30
20-02-23,2.145664117383722,lying,31-40
21-02-23,2.5357286486766104,lawfully,41-50
22-02-23,2.3380287855345374,facetiously,51-60
23-02-23,1.8858873405857484,loathsomely,31-40
24-02-23,2.9525045690473894,irritate,41-50
25-02-23,1.805144598480173,blotchy,<30
26-02-23,2.8605175325341854,precise,31-40
27-02-23,2.1748501151275432,clunky,41-50
28-02-23,2.45519549846537,second-tier,<30
01-03-23,2.267824496179114,untrue,31-40
02-03-23,3.2047202648392004,misunderstandings,<30
03-03-23,2.9681735276002224,punishable,41-50
04-03-23,2.2238594461975656,thoughtlessness,31-40
05-03-23,2.223000301547934,donside,51-60
06-03-23,1.4742969187337032,user-friendly,41-50
07-03-23,2.3078374407061277,fluster,<30
08-03-23,2.8754955624406717,unwanted,51-60
09-03-23,2.0198411983648055,horrible,51-60
10-03-23,2.556952440464371,conspire,<30
11-03-23,2.3763817765083797,embarrass,<30
12-03-23,3.1549642971312384,insinuate,41-50
13-03-23,2.2035968322852764,dazzling,41-50
14-03-23,2.052469300797671,pettifog,>60
15-03-23,2.1010183977387036,spoonfed,51-60
16-03-23,2.455646094822879,fatuously,<30
17-03-23,2.554244948262684,obscures,41-50
18-03-23,2.9521138620276837,fierce,<30
19-03-23,1.9500566745716772,resentment,<30
20-03-23,2.622170328899686,shrivel,41-50
21-03-23,2.2944044101346424,humour,31-40
22-03-23,2.6370852559821705,kid-friendly,41-50
23-03-23,2.9040921144484875,frigid,31-40
24-03-23,2.7695487616711976,wripping,>60
25-03-23,2.1602940628700953,well-rounded,>60
26-03-23,1.6969328058652784,resent,51-60
27-03-23,2.6123172287904652,discord,>60
28-03-23,2.2158016579783757,rupture,51-60
29-03-23,2.2706151450216563,disquietingly,<30
30-03-23,2.2064478252065856,irreplaceable,41-50
31-03-23,2.3646733496490495,polished,51-60
01-04-23,3.0596992868716715,extremism,<30
02-04-23,2.941619453096105,feebleminded,<30
03-04-23,2.600977974072854,reprehensible,51-60
04-04-23,1.3039964613119026,reactionary,51-60
05-04-23,2.638989597987174,rattles,>60
06-04-23,2.8661084302002253,impinge,41-50
07-04-23,2.1838642235198273,swankiest,31-40
08-04-23,2.2247343936462878,regrettable,31-40
09-04-23,2.655378944412778,inappropriately,>60
10-04-23,2.3076002354940206,receptive,41-50
11-04-23,2.851976308636166,unfunded,31-40
12-04-23,2.7996764846382804,counter-attack,31-40
13-04-23,2.391220850949745,madness,51-60
14-04-23,2.333980508505477,ovation,31-40
15-04-23,2.4669182702693933,inadverent,>60
16-04-23,2.7652362718551737,baffled,>60
17-04-23,2.8305050100383577,unbearable,31-40
18-04-23,2.3175944096625525,doomsday,<30
19-04-23,2.628238487196646,interferes,31-40
20-04-23,2.594393650705782,prickles,41-50
21-04-23,2.5657287546752943,lukewarm,31-40
22-04-23,2.625238205765819,obnoxious,>60
23-04-23,3.1109986491139443,stall,41-50
24-04-23,2.567093845785843,victorious,<30
25-04-23,3.129954534478579,beseech,31-40
26-04-23,2.642922466806426,eccentricity,41-50
27-04-23,2.4748267836997995,implode,<30
28-04-23,2.785301507146209,wimpy,41-50
29-04-23,2.777874035949588,rejuvenating,<30
30-04-23,2.9018095903242314,indulge,41-50
01-05-23,2.6493915140918967,pepping,51-60
02-05-23,2.210749247766059,partisans,31-40
03-05-23,2.5648110035821623,anti-occupation,31-40
04-05-23,2.4887998277622554,grumpiest,>60
05-05-23,2.2056923203121954,mocking,31-40
06-05-23,3.3343875951772883,rattled,31-40
07-05-23,2.7306752420715634,affirm,31-40
08-05-23,1.9356477812584094,stupified,31-40
09-05-23,2.7803501067752565,vindictive,41-50
10-05-23,2.589291765463991,shimmy,<30
11-05-23,1.7533096661653018,monumental,51-60
12-05-23,2.478349276061774,hated,<30
13-05-23,2.4218055962542233,gossip,>60
14-05-23,2.4869707873580884,overtaken,41-50
15-05-23,2.8583010906113886,superbly,31-40
16-05-23,3.0684302565388553,noise,31-40
17-05-23,2.983607594997797,restricted,<30
18-05-23,2.303375099609518,confounded,>60
19-05-23,3.276531294071855,corrosion,31-40
20-05-23,3.0459373399730665,neurotically,<30
21-05-23,3.6339904677100465,bumps,41-50
22-05-23,2.8271427713859643,diss,41-50
23-05-23,2.802605406251284,gainful,>60
24-05-23,2.588469796380272,unobserved,41-50
25-05-23,3.325460197180324,stalemate,>60
26-05-23,3.7968622590276935,precariously,41-50
27-05-23,2.9937607061967455,talent,41-50
28-05-23,2.7942957415237264,squeaks,41-50
29-05-23,2.974073150713206,neurotic,51-60
30-05-23,2.9777664034181734,outstanding,<30
31-05-23,3.2172256204964964,fast,51-60
01-06-23,3.0302075379291504,hallucination,51-60
02-06-23,2.576115348611583,resplendent,41-50
03-06-23,2.338675003024671,lunaticism,>60
04-06-23,2.376958808096468,liable,>60
05-06-23,2.0654717433513543,kills,31-40
06-06-23,2.634407548714055,douchebag,>60
07-06-23,2.930773050634188,repugn,41-50
08-06-23,2.2477007806024165,playful,41-50
09-06-23,3.377079464900272,degradingly,41-50
10-06-23,2.981088516069685,adroit,51-60
11-06-23,3.3052545433236937,zest,41-50
12-06-23,3.5983239784387187,wrought,31-40
13-06-23,2.7065065885342126,anxiety,31-40
14-06-23,3.0592024642004736,subpoenas,31-40
15-06-23,2.677881614911954,slap,31-40
16-06-23,3.540916518919324,overzelous,>60
17-06-23,3.0601893332236094,perplex,>60
18-06-23,2.220531384271295,jobless,41-50
19-06-23,2.68333850261864,acrid,31-40
20-06-23,3.0953351178877804,fallaciousness,31-40
21-06-23,2.6702370024151083,productive,31-40
22-06-23,2.7875219668029985,unsettle,<30
23-06-23,2.6192925514730048,surpass,31-40
24-06-23,3.465227382863053,darling,51-60
25-06-23,2.6937449982686084,famous,51-60
26-06-23,2.3253808688427715,goood,51-60
27-06-23,2.724060715521674,indecision,51-60
28-06-23,2.9202770658667707,painful,<30
29-06-23,3.0630612529745314,smuttiest,>60
30-06-23,2.4329517715651674,hustler,51-60
01-07-23,3.2044488863837377,evasive,51-60
02-07-23,3.257441996095227,pity,51-60
03-07-23,3.7126053735964524,commendable,41-50
04-07-23,3.477988188027759,steal,51-60
05-07-23,2.0755938185801632,exasperatingly,41-50
06-07-23,3.0371060700548775,smoother,51-60
07-07-23,3.2679993976797177,flickering,41-50
08-07-23,2.656584781837087,infections,<30
09-07-23,2.7143088645679767,disparagingly,<30
10-07-23,3.18193821334837,nervousness,31-40
11-07-23,2.9064112630453396,illiterate,31-40
12-07-23,3.3282480347437517,beware,51-60
13-07-23,3.292825819414582,excellently,41-50
14-07-23,3.1456259184384376,derogatory,31-40
15-07-23,3.085577061021937,irritations,>60
16-07-23,2.995495394165355,leaks,<30
17-07-23,3.2736675629075758,erroneous,>60
18-07-23,2.829654329498034,bumpping,31-40
19-07-23,2.468769632754011,healthful,<30
20-07-23,3.703675002295275,unconfirmed,31-40
21-07-23,3.652640308794768,inviolate,31-40
22-07-23,3.564467345413258,venomous,>60
23-07-23,3.350837005740516,wrinkles,>60
24-07-23,3.448684844858963,unlucky,31-40
25-07-23,3.6334128050417758,dungeons,31-40
26-07-23,3.5045544729974965,apathy,51-60
27-07-23,3.1411423193385297,guiltless,>60
28-07-23,3.456445521361963,sucky,<30
29-07-23,3.6205538054500406,complacent,51-60
30-07-23,3.0214411809626798,diplomatic,<30
31-07-23,2.768819866738392,buzzing,>60
01-08-23,3.9205532782812376,lucid,31-40
02-08-23,3.874165753726401,balanced,51-60
03-08-23,3.3412937254149337,gleeful,41-50
04-08-23,4.153809136797151,slander,>60
05-08-23,2.8642471808403873,idiotically,31-40
06-08-23,3.5140670656173034,criticize,51-60
07-08-23,2.841256451424139,truthfully,<30
08-08-23,3.260189035104476,long-lasting,41-50
09-08-23,3.084885233425092,approval,51-60
10-08-23,2.9127563683674946,indefensible,41-50
11-08-23,2.9190876416769216,easier,>60
12-08-23,2.8335812579975896,glitter,41-50
13-08-23,3.4012187876700235,brashness,41-50
14-08-23,2.897395855082982,desperately,51-60
15-08-23,3.563125055775647,beautifully,51-60
16-08-23,3.7928897691124503,amazed,<30
17-08-23,2.2195612514767085,far-fetched,>60
18-08-23,4.007266104756092,reproach,>60
19-08-23,3.086876451879002,feisty,51-60
20-08-23,3.2235715170166923,injure,41-50
21-08-23,3.0967781112486343,contaminates,>60
22-08-23,3.6690641107453374,bizarre,>60
23-08-23,3.372771649414926,reasoned,>60
24-08-23,2.4123485179682405,divinely,51-60
25-08-23,2.9188850949671474,wonderous,>60
26-08-23,2.6509727106065917,punch,41-50
27-08-23,3.3642846975275624,combative,51-60
28-08-23,2.9997823191854636,adjustable,>60
29-08-23,3.390650158901338,refused,51-60
30-08-23,3.452520883546236,treasonous,41-50
31-08-23,3.8482031493023694,thrift,31-40
01-09-23,3.0791818940337765,disfavor,>60
02-09-23,3.4511445828694627,sucker,<30
03-09-23,3.362025980085349,disarm,41-50
04-09-23,3.2481257668888763,inarticulate,>60
05-09-23,3.550203931820687,tantalize,31-40
06-09-23,3.2970731772825554,disliked,31-40
07-09-23,3.6219437769298315,pervert,>60
08-09-23,3.0960333234750688,brood,41-50
09-09-23,3.487980268036414,disruptive,51-60
10-09-23,2.642185166092726,cloudy,<30
11-09-23,3.5613013454786704,scandals,31-40
12-09-23,3.4506619300684087,fist,<30
13-09-23,4.402619638414087,insensible,51-60
14-09-23,3.4519463280224034,repulsing,51-60
15-09-23,2.6978632653947905,frantic,51-60
16-09-23,3.851234390379206,frictions,>60
17-09-23,3.4933295563109317,delicious,<30
18-09-23,3.5227605602494587,despotism,>60
19-09-23,4.004170989893144,lagged,>60
20-09-23,3.4335649160846815,scandalously,31-40
21-09-23,3.4937463062073397,wins,31-40
22-09-23,3.505814868228566,fortuitously,<30
23-09-23,3.7872897122755105,illicit,<30
24-09-23,3.71396880853924,ricer,>60
25-09-23,3.8102661044830475,subsidize,41-50
26-09-23,2.8610574386593712,falter,51-60
27-09-23,3.655590968936528,elegant,51-60
28-09-23,3.381319782150543,unsteady,31-40
29-09-23,3.4479722476445307,unspeakablely,>60
30-09-23,3.730153325243885,bungling,31-40
01-10-23,3.7328100950884693,bullyingly,31-40
02-10-23,4.0438710993591425,fascinating,>60
03-10-23,3.6781797967133403,jittery,>60
04-10-23,3.620898590626179,intolerable,41-50
05-10-23,3.961474525211598,abuses,51-60
06-10-23,3.662800565466772,rants,31-40
07-10-23,3.6303305817532796,sneeringly,51-60
08-10-23,3.9666081735652012,retard,41-50
09-10-23,2.980311227298137,unwisely,51-60
10-10-23,2.9991428735999013,abound,>60
11-10-23,3.5116069327471644,grievance,>60
12-10-23,3.9275805387989386,tense,41-50
13-10-23,3.496104651081664,obstacle,51-60
14-10-23,3.7722958058717735,draconic,>60
15-10-23,3.7340570068313337,preferring,>60
16-10-23,3.6079891943216262,handicapped,31-40
17-10-23,4.367463018085562,free,>60
18-10-23,3.7786237185487805,discomfit,>60
19-10-23,3.9931735790339027,unprove,31-40
20-10-23,3.4942555403667863,fragrant,41-50
21-10-23,3.20968695824819,benevolence,51-60
22-10-23,3.7864411640967637,punitive,>60
23-10-23,3.2395251763659245,problem-free,41-50
24-10-23,3.734323960869681,hegemony,31-40
25-10-23,3.5246195541352154,amiabily,31-40
26-10-23,3.4763013026568563,brutalising,41-50
27-10-23,3.3021821234702657,clash,31-40
28-10-23,3.4155648709606807,timidity,<30
29-10-23,3.6255473948573433,panoramic,>60
30-10-23,3.450274980488088,impaired,41-50
31-10-23,3.5859074961812185,treasure,>60
01-11-23,3.9238595786228676,auspicious,51-60
02-11-23,2.871213595275603,crashes,<30
03-11-23,3.132865689854108,unpredictable,>60
04-11-23,3.8916801997620447,inveigle,31-40
05-11-23,3.5519569385770096,irrationality,<30
06-11-23,3.733613382832351,monumentally,>60
07-11-23,3.5110286468771643,omission,>60
08-11-23,3.7673916727179533,impropriety,41-50
09-11-23,4.072209338946787,skilled,>60
10-11-23,4.229927255733433,fatcats,<30
11-11-23,3.111681947767002,a+,41-50
12-11-23,3.594579864754965,bombardment,>60
13-11-23,3.7030451402592464,sharply,>60
14-11-23,3.6020879841599864,posturing,51-60
15-11-23,4.039309561911196,aggravating,>60
16-11-23,3.2642413900649156,defeating,51-60
17-11-23,4.321045289528392,cramping,31-40
18-11-23,3.9419967110267464,isolated,31-40
19-11-23,3.624447168277643,unable,<30
20-11-23,3.434985230230487,hysterically,51-60
21-11-23,3.4423654922786984,uncouth,<30
22-11-23,3.1931768512741745,rumbling,51-60
23-11-23,3.334022151686397,spendy,51-60
24-11-23,3.080677985943039,luminous,41-50
25-11-23,4.242109451603132,servitude,<30
26-11-23,3.7816708657356695,cozy,51-60
27-11-23,3.85603731246684,fallout,>60
28-11-23,3.683943186087272,personalized,41-50
29-11-23,3.2469270536588817,mediocrity,>60
30-11-23,3.9283578266873898,irate,31-40
01-12-23,3.3919275969683995,instigators,31-40
02-12-23,3.573932176967956,mawkish,>60
03-12-23,4.480251953743393,discordance,>60
04-12-23,3.815384779602807,prestigious,51-60
05-12-23,3.5498378284196006,self-interested,51-60
06-12-23,3.761722390510148,conceded,<30
07-12-23,2.906566294593858,applaud,<30
08-12-23,3.858627211239625,lethargic,>60
09-12-23,3.392814144382276,despise,<30
10-12-23,3.686879003888335,mire,<30
11-12-23,4.370844394558292,stress,41-50
12-12-23,3.5130036548838324,grating,51-60
13-12-23,3.1512587170066357,sturdier,41-50
14-12-23,3.6121527400975917,resilient,<30
15-12-23,3.851282217853525,irreproachable,31-40
16-12-23,3.1889759674157108,foolhardy,<30
17-12-23,4.318860668361189,polemize,51-60
18-12-23,3.349123811085158,laudably,41-50
19-12-23,3.8102847307198866,discoutinous,41-50
20-12-23,4.161651842451143,satisfying,>60
21-12-23,3.415116398990558,worthwhile,>60
22-12-23,3.9052933881648797,reviled,51-60
23-12-23,4.072800972658023,infiltrators,31-40
24-12-23,3.38228888811755,negation,41-50
25-12-23,3.89995033961339,mesmerize,<30
26-12-23,3.6186468294698284,adulate,51-60
27-12-23,3.1087550696581094,amicability,31-40
28-12-23,3.132299253313941,disproportionate,>60
29-12-23,3.7290334627902944,soundness,41-50
30-12-23,3.8718907267798413,smitten,31-40
31-12-23,3.3317333596525716,joke,>60
01-01-24,4.093943136083778,cure,41-50
02-01-24,3.2436965483302522,fresh,51-60
03-01-24,3.3617870953178004,efficacious,31-40
04-01-24,3.9880349399029935,inexplainable,41-50
05-01-24,3.7625535844590865,praiseworthy,>60
06-01-24,3.9090069976965713,uprising,41-50
07-01-24,2.8965899340189534,endorses,31-40
08-01-24,3.643571855018891,vile,41-50
09-01-24,3.3219578018317013,delayed,<30
10-01-24,4.061590598214115,hothead,>60
11-01-24,3.2829378457642293,mindless,<30
12-01-24,3.918597491119944,burden,31-40
13-01-24,3.7560948106491203,invidiously,51-60
14-01-24,4.385561737373484,amiable,41-50
15-01-24,4.068191684880885,letch,>60
16-01-24,4.017999868633088,work,<30
17-01-24,3.578464445600192,hooligan,51-60
18-01-24,2.702031152435784,zap,>60
19-01-24,4.0287119168692485,confound,41-50
20-01-24,3.027700737678863,refuted,31-40
21-01-24,3.5655837485435944,graciously,41-50
22-01-24,3.608180517146132,striving,31-40
23-01-24,3.6324034549257247,statuesque,>60
24-01-24,3.742470307386095,shortsightedness,51-60
25-01-24,3.4847491045294685,muddy,51-60
26-01-24,3.20737233198348,entrust,31-40
27-01-24,3.3931014961910595,awfulness,31-40
28-01-24,3.394067611425498,tumbled,51-60
29-01-24,3.4939813747385386,incompatibility,31-40
30-01-24,3.7801299397033166,intefere,51-60
31-01-24,3.3356427561932644,drab,31-40
01-02-24,3.707753583088757,torrent,>60
02-02-24,3.19925113737086,stressful,51-60
03-02-24,3.710443293870214,fanatic,31-40
04-02-24,4.050621637951219,marginal,41-50
05-02-24,3.9528329016772656,headaches,31-40
06-02-24,4.592071071856523,depressing,41-50
07-02-24,2.9108153781997594,dismayingly,>60
08-02-24,4.145760100378979,bedlam,>60
09-02-24,3.433415693327016,knock,>60
10-02-24,4.235665029121005,exhilaratingly,>60
11-02-24,3.994712692773166,barbarous,41-50
12-02-24,4.491323213455246,tickle,51-60
13-02-24,3.29155961399704,dissuasive,>60
14-02-24,3.5651590220151865,misaligned,<30
15-02-24,3.098979534406443,meddlesome,51-60
16-02-24,3.2808983048446647,gifted,51-60
17-02-24,2.9742002021887757,spiteful,51-60
18-02-24,3.8459355479103303,misguided,41-50
19-02-24,4.031805647700521,crisper,<30
20-02-24,4.278500446860647,exhaustion,<30
21-02-24,4.35660320310489,vibrantly,>60
22-02-24,3.4129821625125643,bravado,51-60
23-02-24,3.695614277302455,complaints,>60
24-02-24,3.4509567150898754,overpaid,31-40
25-02-24,3.1373389820761477,strikingly,>60
26-02-24,3.7893816729904986,exhausted,<30
27-02-24,3.7129798708943946,cashback,41-50
28-02-24,3.2625556182067283,fatty,<30
29-02-24,3.477877275122888,enrapture,31-40
01-03-24,3.498247000014448,dirty,51-60
02-03-24,3.6913745039103025,thrash,31-40
03-03-24,2.0584228975361145,saint,31-40
04-03-24,3.4462307577617506,enrage,31-40
05-03-24,3.7100324439551056,noisy,41-50
06-03-24,3.171729999202367,botch,31-40
07-03-24,3.3159284445027533,unfavorable,41-50
08-03-24,3.6230283081801,ill-tempered,31-40
09-03-24,3.6425453835402313,trusty,31-40
10-03-24,3.953809129521589,tiring,>60
11-03-24,3.8893460244331983,belabor,51-60
12-03-24,3.2650925546154714,horrified,>60
13-03-24,3.5368024750906275,stuttered,>60
14-03-24,3.7840836397452775,inexorably,31-40
15-03-24,3.3322592871535144,paradoxically,31-40
16-03-24,3.907112329531114,disoobedient,31-40
17-03-24,2.769878189149833,lechery,41-50
18-03-24,3.7486888286441555,unsustainable,<30
19-03-24,3.8202429673994147,dislocated,<30
20-03-24,3.90825934462126,peevishly,31-40
21-03-24,3.251040848470438,poisonous,51-60
22-03-24,3.9617333559655754,refuses,31-40
23-03-24,2.8922655661480294,hotheaded,41-50
24-03-24,3.803331357992325,vibration,<30
25-03-24,3.7061915190864205,hallowed,51-60
26-03-24,2.845226412380815,tiringly,31-40
27-03-24,3.8337179192436133,propitiously,31-40
28-03-24,3.283105318872439,fear,41-50
29-03-24,3.6179679321522453,kooky,31-40
30-03-24,4.0276449372334096,poetic,41-50
31-03-24,3.4170297122945903,obscenely,31-40
01-04-24,3.7220751959593037,less-developed,51-60
02-04-24,3.0290214808695985,viciously,31-40
03-04-24,3.5947768450544757,ruin,51-60
04-04-24,3.664524463223082,fancy,>60
05-04-24,3.5259094375066935,leaky,51-60
06-04-24,3.478711724696752,plunderer,41-50
07-04-24,3.343078098646085,defamations,<30
08-04-24,2.830214454211685,confusion,51-60
09-04-24,3.568430627069928,frigging,51-60
10-04-24,3.394585152016191,subsidizes,31-40
11-04-24,3.327933179841092,best-selling,51-60
12-04-24,2.62656188093929,petrified,41-50
13-04-24,3.2010293995253534,competitive,41-50
14-04-24,3.1363621792161314,impoverished,51-60
15-04-24,3.647869938313048,delays,<30
16-04-24,2.8356709236785376,tanks,>60
17-04-24,3.5775702943478973,harboring,41-50
18-04-24,3.4682775690306427,illogic,51-60
19-04-24,3.255222589809799,mist,41-50
20-04-24,3.91894407741656,extoll,<30
21-04-24,4.009361138346731,gloom,<30
22-04-24,2.8484022250302523,detestably,41-50
23-04-24,2.896018756133958,afflict,>60
24-04-24,2.4893573947127723,virulently,41-50
25-04-24,3.4571913223847224,ramshackle,31-40
26-04-24,3.314899773058663,drippy,51-60
27-04-24,3.101099969137794,woeful,41-50
28-04-24,3.025087570785907,progress,41-50
29-04-24,3.128692170125535,enjoyment,41-50
30-04-24,4.130821925107576,innuendo,<30
01-05-24,3.3205282676001295,staunchly,<30
02-05-24,4.2392195743242205,awsome,>60
03-05-24,3.8576265298047807,emaciated,51-60
04-05-24,2.705272306812325,wowed,>60
05-05-24,3.5099736363877856,discrepant,>60
06-05-24,4.134376194642962,ingrate,31-40
07-05-24,3.6706507197188696,agreeably,>60
08-05-24,3.679274597051237,ruts,51-60
09-05-24,3.8299190789398585,moribund,<30
10-05-24,3.156291908101108,shunned,<30
11-05-24,3.114917771396165,baseless,>60
12-05-24,2.878345574863581,sufficed,>60
13-05-24,3.8229623622132185,hotbeds,51-60
14-05-24,3.197455720391535,well-intentioned,<30
15-05-24,3.0839617171972016,delusional,<30
16-05-24,3.1981010058105066,plotters,41-50
17-05-24,2.9722371455540033,procrastinates,51-60
18-05-24,4.049442218658056,leakages,>60
19-05-24,3.1724440696624914,insultingly,41-50
20-05-24,2.9666388805757373,d*mn,51-60
21-05-24,3.2032528788219135,deceiver,>60
22-05-24,3.82723674503282,ruins,<30
23-05-24,3.048487004097365,chic,51-60
24-05-24,3.5472708891068905,compatible,>60
25-05-24,3.192535860569374,supurbly,41-50
26-05-24,2.7874698851603856,encroachment,51-60
27-05-24,3.6476518275350576,believeable,31-40
28-05-24,3.5450468169107134,maturity,31-40
29-05-24,2.9902876370373885,flagging,>60
30-05-24,3.1248630578223513,upsetting,31-40
31-05-24,3.0085644402384117,satisfies,51-60
01-06-24,2.99590542179505,wowing,51-60
02-06-24,3.098061827313081,depraved,31-40
03-06-24,2.734646107335079,quibble,31-40
04-06-24,3.225240493310836,indecorum,<30
05-06-24,3.143228033314975,frown,<30
06-06-24,3.8085271613925262,smuttier,51-60
07-06-24,3.643494833817697,ingenuous,31-40
08-06-24,3.2392125994792984,promising,51-60
09-06-24,3.3983505454356506,inestimable,31-40
10-06-24,3.023149235110328,taut,>60
11-06-24,3.122938209592617,so-cal,>60
12-06-24,3.978634886118375,luxury,41-50
13-06-24,3.353565392423947,insignificance,<30
14-06-24,3.539603829494297,strangle,41-50
15-06-24,2.6052205920093456,lurid,31-40
16-06-24,3.5500562909955597,favorited,<30
17-06-24,3.21917673181106,foresight,31-40
18-06-24,2.826839768227317,onerous,31-40
19-06-24,3.204312560069946,eye-catching,31-40
20-06-24,3.505273844199251,bland,31-40
21-06-24,3.3920022391186477,thriving,<30
22-06-24,2.919457000196206,moronic,41-50
23-06-24,3.479998896617199,freezes,31-40
24-06-24,3.887704038400046,two-faces,31-40
25-06-24,4.692626835287036,upscale,41-50
26-06-24,3.341850231685971,dismissively,41-50
27-06-24,2.4911006467393113,immoderately,>60
28-06-24,3.7097877040743774,insanely,31-40
29-06-24,3.0705181440405824,broken,>60
30-06-24,2.718378026456171,condemnation,51-60
01-07-24,3.055579482146085,choppy,>60
02-07-24,3.453408912034152,rectification,31-40
03-07-24,3.3930311574868126,shamefulness,41-50
04-07-24,3.727467859252947,impatiently,31-40
05-07-24,2.988920974171841,catastrophically,41-50
06-07-24,3.0983654911656218,mispronounced,<30
07-07-24,3.6428389061820994,staunchness,41-50
08-07-24,3.2500623188941273,appealing,51-60
09-07-24,3.1281962707798914,acrimonious,51-60
10-07-24,3.5643388710194355,tidy,31-40
11-07-24,4.25731250315918,hallucinate,41-50
12-07-24,3.586203999942522,swanky,31-40
13-07-24,3.859745991450468,contrived,51-60
14-07-24,3.8658560698768714,sucked,>60
15-07-24,3.580761473760122,smother,31-40
16-07-24,3.104652310587095,advantageously,>60
17-07-24,3.1985056819452176,anti-american,31-40
18-07-24,3.39270011111738,cancerous,>60
19-07-24,3.830193055393878,dissed,<30
20-07-24,3.3022010868605274,insinuating,41-50
21-07-24,3.226811223894331,underdog,41-50
22-07-24,2.6434303571291817,ugliness,31-40
23-07-24,4.2980185663063235,preferably,<30
24-07-24,3.2781282009645167,prominence,<30
25-07-24,3.6546718858093357,cleanly,>60
26-07-24,3.133962453331257,thoughtfully,<30
27-07-24,3.1690803626272595,amity,<30
28-07-24,3.293521444514973,incite,51-60
29-07-24,4.118543672917505,comical,>60
30-07-24,3.419349656377503,junkyard,<30
31-07-24,3.323262217675706,lifesaver,31-40
01-08-24,3.386600733927052,fruitless,<30
02-08-24,2.350290105816706,sobering,<30
03-08-24,3.9686056371598966,dignify,51-60
04-08-24,3.3387950881676036,crazily,<30
05-08-24,3.7952069936733794,brilliant,<30
06-08-24,3.7281640031233385,fuck,31-40
07-08-24,3.3842088427846853,rancor,>60
08-08-24,3.818810888390281,coercive,>60
09-08-24,3.099040272481163,spurn,31-40
10-08-24,3.7123533470607177,unsure,<30
11-08-24,3.6240548722777155,terror,31-40
12-08-24,3.5738274383423367,bs,>60
13-08-24,3.0314844803069554,drained,<30
14-08-24,3.7416986480754026,sadly,>60
15-08-24,2.9406321239918727,sociable,>60
16-08-24,4.002210130208365,agreeable,>60
17-08-24,4.144709871082051,unusable,<30
18-08-24,3.37393131526165,sluts,<30
19-08-24,3.7551048642752005,spoon-feed,>60
20-08-24,4.631281879378307,fervent,41-50
21-08-24,3.552683140846392,virtue,31-40
22-08-24,3.5901152852411693,aspersions,31-40
23-08-24,3.4166323743576066,feat,<30
24-08-24,3.6631676639296997,runaway,51-60
25-08-24,3.6571741841984964,famed,>60
26-08-24,3.5636056482688536,exemplary,>60
27-08-24,3.584093137816166,stellarly,<30
28-08-24,4.025322700676712,boisterous,41-50
29-08-24,4.1905798539822285,indiscriminating,31-40
30-08-24,3.4015458300825596,chastisement,>60
31-08-24,3.3748808362808695,respect,51-60
01-09-24,3.7242362657793278,semi-retarded,51-60
02-09-24,3.8522464827568337,heck,51-60
03-09-24,3.5065288016825056,tyranny,<30
04-09-24,3.8834856484968943,obliterate,31-40
05-09-24,3.2941754056295833,rejected,41-50
06-09-24,3.942867672087015,over-awe,31-40
07-09-24,3.8782325990749027,damning,<30
08-09-24,3.553583502024334,wonderously,<30
09-09-24,4.214550482960007,excited,41-50
10-09-24,4.064304920874472,spank,41-50
11-09-24,3.447957185880051,commiserate,51-60
12-09-24,4.019070244108292,war-like,31-40
13-09-24,3.301723222927327,scratches,<30
14-09-24,3.9037448381630706,defiantly,>60
15-09-24,3.5499021182430237,hateful,>60
16-09-24,2.987313763457804,puppet,41-50
17-09-24,3.682210887037683,overjoyed,41-50
18-09-24,3.6485258122381845,fever,51-60
19-09-24,3.9908568004112825,fondly,51-60
20-09-24,3.2411176365520524,romantically,31-40
21-09-24,3.5808382904533658,ill-mannered,41-50
22-09-24,3.125434556036589,arrogant,31-40
23-09-24,4.11077109528143,blameless,<30
24-09-24,5.0,cravenly,41-50
25-09-24,3.7446109592408403,accurate,<30
26-09-24,4.020696441429726,radiance,>60
